timestamp,ch1,ch2,label
1773821691.8075898,1191,1359,e_s
1773821691.819204,1301,1304,e_s
1773821691.832299,1542,1418,e_s
1773821691.8441489,890,1332,e_s
1773821691.8576488,2046,1334,e_s
1773821691.866292,2255,1601,e_s
1773821691.879328,1609,1453,e_s
1773821691.890198,1085,1291,e_s
1773821691.903112,2179,1548,e_s
1773821691.914222,2347,1723,e_s
1773821691.926531,1369,1452,e_s
1773821691.939512,1290,1296,e_s
1773821691.950206,2121,1589,e_s
1773821691.96266,1227,1461,e_s
1773821691.974219,1331,1304,e_s
1773821691.986722,1869,1345,e_s
1773821692.000546,1522,1412,e_s
1773821692.0104902,1083,1353,e_s
1773821692.022559,1309,1273,e_s
1773821692.034585,2237,1592,e_s
1773821692.046916,1063,1417,e_s
1773821692.061009,1302,1320,e_s
1773821692.070205,2154,1536,e_s
1773821692.0826108,2251,1690,e_s
1773821692.0942552,1025,1404,e_s
1773821692.1076832,1225,1316,e_s
1773821692.118402,2166,1574,e_s
1773821692.130219,1303,1439,e_s
1773821692.143383,1267,1360,e_s
1773821692.154665,1955,1338,e_s
1773821692.167187,2000,1393,e_s
1773821692.178489,1668,1391,e_s
1773821692.1903949,1157,1268,e_s
1773821692.205298,2039,1374,e_s
1773821692.2140899,1474,1394,e_s
1773821692.226908,887,1289,e_s
1773821692.237091,1471,1310,e_s
1773821692.250954,2148,1602,e_s
1773821692.2611241,1849,1463,e_s
1773821692.27333,1419,1290,e_s
1773821692.288393,2685,1642,e_s
1773821692.297086,1414,1465,e_s
1773821692.310094,1503,1369,e_s
1773821692.321287,1374,1311,e_s
1773821692.333493,2255,1624,e_s
1773821692.3482418,1768,1500,e_s
1773821692.3570828,1266,1277,e_s
1773821692.369919,2165,1544,e_s
1773821692.381241,1766,1467,e_s
1773821692.393749,2047,1415,e_s
1773821692.405216,1185,1287,e_s
1773821692.41713,2631,1672,e_s
1773821692.429617,1456,1474,e_s
1773821692.441094,1183,1282,e_s
1773821692.4531388,1919,1332,e_s
1773821692.465086,1780,1438,e_s
1773821692.4777951,1618,1365,e_s
1773821692.4906938,1730,1321,e_s
1773821692.501111,3151,1747,e_s
1773821692.5137632,1884,1552,e_s
1773821692.525084,1772,1338,e_s
1773821692.537536,1657,1307,e_s
1773821692.551907,2383,1679,e_s
1773821692.561117,1513,1419,e_s
1773821692.5738912,1854,1372,e_s
1773821692.585099,3148,1732,e_s
1773821692.597121,1603,1506,e_s
1773821692.609486,1468,1336,e_s
1773821692.6211042,1737,1315,e_s
1773821692.633611,2183,1615,e_s
1773821692.645107,1805,1457,e_s
1773821692.657276,1648,1345,e_s
1773821692.669099,2729,1643,e_s
1773821692.682144,1881,1482,e_s
1773821692.693934,1556,1364,e_s
1773821692.705517,1352,1287,e_s
1773821692.718001,2511,1650,e_s
1773821692.729275,1612,1467,e_s
1773821692.7417622,1778,1356,e_s
1773821692.7560298,2640,1619,e_s
1773821692.765116,1862,1473,e_s
1773821692.777932,1915,1431,e_s
1773821692.789171,1129,1289,e_s
1773821692.801572,2740,1667,e_s
1773821692.813132,1719,1482,e_s
1773821692.825087,1613,1351,e_s
1773821692.8375309,2004,1351,e_s
1773821692.849115,2081,1603,e_s
1773821692.863177,1544,1450,e_s
1773821692.873461,1129,1281,e_s
1773821692.8858838,2912,1681,e_s
1773821692.898572,1707,1494,e_s
1773821692.909434,1597,1351,e_s
1773821692.92209,1754,1318,e_s
1773821692.933456,2874,1711,e_s
1773821692.945806,1847,1476,e_s
1773821692.960022,1409,1350,e_s
1773821692.969114,2632,1638,e_s
1773821692.9815621,1889,1523,e_s
1773821692.993087,2111,1552,e_s
1773821693.006155,1735,1359,e_s
1773821693.0171142,2770,1703,e_s
1773821693.029408,2553,1742,e_s
1773821693.0415812,1163,1377,e_s
1773821693.053211,2341,1590,e_s
1773821693.0654678,2140,1677,e_s
1773821693.077622,1976,1444,e_s
1773821693.090246,1220,1277,e_s
1773821693.1027892,2774,1672,e_s
1773821693.1132228,1854,1495,e_s
1773821693.125558,929,1275,e_s
1773821693.136225,1826,1349,e_s
1773821693.14903,1616,1417,e_s
1773821693.1603231,1234,1338,e_s
1773821693.1722171,1811,1311,e_s
1773821693.1846662,2577,1654,e_s
1773821693.196507,1825,1480,e_s
1773821693.208334,1161,1291,e_s
1773821693.220083,1502,1304,e_s
1773821693.2331898,1388,1399,e_s
1773821693.245888,1011,1339,e_s
1773821693.256244,870,1225,e_s
1773821693.267295,1536,1349,e_s
1773821693.279099,1185,1389,e_s
1773821693.2927349,1259,1264,e_s
1773821693.3060071,2056,1526,e_s
1773821693.315109,1011,1412,e_s
1773821693.328458,1085,1326,e_s
1773821693.3392,654,1222,e_s
1773821693.350267,1522,1393,e_s
1773821693.3622231,1411,1389,e_s
1773821693.374228,1082,1244,e_s
1773821693.387966,1867,1355,e_s
1773821693.39862,1120,1374,e_s
1773821693.411069,1360,1335,e_s
1773821693.422205,1151,1268,e_s
1773821693.434927,1793,1418,e_s
1773821693.448834,1278,1366,e_s
1773821693.458326,1483,1297,e_s
1773821693.4709492,1530,1325,e_s
1773821693.482226,1372,1408,e_s
1773821693.494973,1209,1309,e_s
1773821693.506208,1018,1255,e_s
1773821693.5182788,2053,1588,e_s
1773821693.530835,1403,1456,e_s
1773821693.5426419,788,1254,e_s
1773821693.553756,1746,1347,e_s
1773821693.565242,1353,1386,e_s
1773821693.57807,913,1269,e_s
1773821693.591701,1427,1272,e_s
1773821693.600113,1733,1410,e_s
1773821693.612454,1671,1383,e_s
1773821693.624193,1416,1292,e_s
1773821693.6374772,1928,1362,e_s
1773821693.6482759,1575,1402,e_s
1773821693.661058,1371,1298,e_s
1773821693.673033,1225,1278,e_s
1773821693.684101,1623,1393,e_s
1773821693.696409,1412,1377,e_s
1773821693.708339,1356,1293,e_s
1773821693.7209978,1779,1343,e_s
1773821693.73419,1208,1378,e_s
1773821693.744113,1352,1314,e_s
1773821693.75636,868,1248,e_s
1773821693.767112,1978,1418,e_s
1773821693.780673,1714,1374,e_s
1773821693.791553,1456,1290,e_s
1773821693.8031812,1507,1331,e_s
1773821693.816381,1265,1391,e_s
1773821693.827096,1194,1320,e_s
1773821693.839089,1348,1276,e_s
1773821693.851095,2319,1624,e_s
1773821693.863293,1943,1466,e_s
1773821693.877153,1297,1299,e_s
1773821693.8870761,1567,1317,e_s
1773821693.90006,1270,1391,e_s
1773821693.911108,1232,1328,e_s
1773821693.924171,725,1219,e_s
1773821693.9380732,2030,1414,e_s
1773821693.947254,1237,1382,e_s
1773821693.9583008,1152,1261,e_s
1773821693.9701009,1896,1352,e_s
1773821693.982101,1621,1412,e_s
1773821693.99408,1280,1317,e_s
1773821694.0060852,1142,1269,e_s
1773821694.019099,1604,1371,e_s
1773821694.030447,1199,1388,e_s
1773821694.0427232,1354,1287,e_s
1773821694.054077,1779,1341,e_s
1773821694.066923,1758,1423,e_s
1773821694.080249,1113,1318,e_s
1773821694.090074,1080,1258,e_s
1773821694.102358,1579,1373,e_s
1773821694.114444,991,1354,e_s
1773821694.125196,1230,1277,e_s
1773821694.137075,1511,1319,e_s
1773821694.149942,1020,1367,e_s
1773821694.1613288,1021,1284,e_s
1773821694.1730719,758,1234,e_s
1773821694.184801,1411,1378,e_s
1773821694.196485,1191,1344,e_s
1773821694.2093718,1075,1250,e_s
1773821694.222341,1464,1332,e_s
1773821694.232377,1295,1376,e_s
1773821694.244821,1317,1304,e_s
1773821694.256076,1463,1291,e_s
1773821694.270582,1231,1359,e_s
1773821694.280122,1258,1381,e_s
1773821694.292077,805,1241,e_s
1773821694.304055,1832,1346,e_s
1773821694.315316,925,1345,e_s
1773821694.3261561,576,1218,e_s
1773821694.3370721,1466,1328,e_s
1773821694.349748,1488,1388,e_s
1773821694.361079,1227,1307,e_s
1773821694.373615,1113,1262,e_s
1773821694.385453,1454,1346,e_s
1773821694.397171,1413,1381,e_s
1773821694.4091468,939,1262,e_s
1773821694.420373,1397,1315,e_s
1773821694.433583,1019,1341,e_s
1773821694.446413,899,1270,e_s
1773821694.4557672,1427,1299,e_s
1773821694.468456,1568,1385,e_s
1773821694.479408,1149,1331,e_s
1773821694.492553,976,1258,e_s
1773821694.502105,1965,1363,e_s
1773821694.5147579,1309,1375,e_s
1773821694.527255,792,1265,e_s
1773821694.5370848,1479,1301,e_s
1773821694.549243,1148,1362,e_s
1773821694.56129,1002,1320,e_s
1773821694.576158,1240,1275,e_s
1773821694.588705,2091,1579,e_s
1773821694.597518,1864,1467,e_s
1773821694.609747,1217,1314,e_s
1773821694.621404,1460,1300,e_s
1773821694.634305,1273,1390,e_s
1773821694.645344,811,1312,e_s
1773821694.65655,1051,1263,e_s
1773821694.66927,1703,1390,e_s
1773821694.680081,1037,1357,e_s
1773821694.6930938,1275,1282,e_s
1773821694.7041018,1938,1351,e_s
1773821694.717327,1663,1396,e_s
1773821694.7306361,1190,1325,e_s
1773821694.740223,1079,1266,e_s
1773821694.753176,1683,1376,e_s
1773821694.764243,1169,1377,e_s
1773821694.777638,1297,1292,e_s
1773821694.7912478,1893,1330,e_s
1773821694.800239,1400,1388,e_s
1773821694.8128488,1138,1334,e_s
1773821694.823968,753,1239,e_s
1773821694.835115,1887,1388,e_s
1773821694.8469539,946,1319,e_s
1773821694.858926,928,1249,e_s
1773821694.871691,2102,1561,e_s
1773821694.881135,1275,1426,e_s
1773821694.8937669,1072,1293,e_s
1773821694.905466,1507,1311,e_s
1773821694.917999,1328,1378,e_s
1773821694.933652,1110,1344,e_s
1773821694.9410949,1169,1285,e_s
1773821694.954008,2063,1547,e_s
1773821694.96519,1357,1455,e_s
1773821694.977661,1385,1327,e_s
1773821694.989066,1290,1287,e_s
1773821695.001209,1611,1391,e_s
1773821695.013406,1381,1389,e_s
1773821695.0253599,1103,1253,e_s
1773821695.03727,1984,1356,e_s
1773821695.049404,1086,1377,e_s
1773821695.061854,1078,1297,e_s
1773821695.075565,1194,1270,e_s
1773821695.085195,1867,1398,e_s
1773821695.098248,1402,1400,e_s
1773821695.10937,1285,1274,e_s
1773821695.12232,1655,1317,e_s
1773821695.1353369,1301,1394,e_s
1773821695.145094,1352,1340,e_s
1773821695.157291,998,1252,e_s
1773821695.168107,1881,1419,e_s
1773821695.181427,1672,1420,e_s
1773821695.192092,1461,1286,e_s
1773821695.205083,1546,1333,e_s
1773821695.216696,1189,1363,e_s
1773821695.228252,1225,1292,e_s
1773821695.2402859,1465,1291,e_s
1773821695.2521658,1764,1404,e_s
1773821695.264261,1036,1360,e_s
1773821695.276685,1177,1261,e_s
1773821695.287969,1766,1330,e_s
1773821695.300406,1586,1402,e_s
1773821695.3119721,1769,1354,e_s
1773821695.3253062,1106,1299,e_s
1773821695.337901,1638,1372,e_s
1773821695.3479922,1277,1395,e_s
1773821695.360534,849,1251,e_s
1773821695.370985,2050,1530,e_s
1773821695.383415,1600,1459,e_s
1773821695.395063,1446,1377,e_s
1773821695.407486,1169,1276,e_s
1773821695.4204931,1686,1380,e_s
1773821695.430979,1459,1388,e_s
1773821695.4435358,1138,1275,e_s
1773821695.454993,1999,1332,e_s
1773821695.467548,1415,1397,e_s
1773821695.4796648,1244,1339,e_s
1773821695.491215,1062,1254,e_s
1773821695.5034251,1835,1397,e_s
1773821695.514953,1720,1408,e_s
1773821695.5280252,869,1243,e_s
1773821695.539775,1583,1312,e_s
1773821695.549978,1142,1364,e_s
1773821695.562282,1386,1311,e_s
1773821695.573931,1187,1278,e_s
1773821695.58624,2075,1594,e_s
1773821695.601165,1332,1435,e_s
1773821695.61007,1431,1298,e_s
1773821695.6228101,1290,1288,e_s
1773821695.6339898,1247,1386,e_s
1773821695.646977,1036,1307,e_s
1773821695.657853,842,1257,e_s
1773821695.669533,1184,1348,e_s
1773821695.6820202,1205,1355,e_s
1773821695.6928298,848,1262,e_s
1773821695.703991,1887,1365,e_s
1773821695.715811,748,1341,e_s
1773821695.727554,787,1260,e_s
1773821695.738118,1715,1336,e_s
1773821695.7504058,1126,1379,e_s
1773821695.762465,1341,1312,e_s
1773821695.773831,987,1260,e_s
1773821695.785782,1536,1382,e_s
1773821695.7969458,1392,1362,e_s
1773821695.810714,788,1268,e_s
1773821695.8229918,1496,1339,e_s
1773821695.832628,930,1352,e_s
1773821695.843173,932,1284,e_s
1773821695.8541172,1641,1318,e_s
1773821695.866955,853,1341,e_s
1773821695.8768482,717,1253,e_s
1773821695.888208,1031,1273,e_s
1773821695.8998542,780,1347,e_s
1773821695.912298,623,1231,e_s
1773821695.924187,1196,1272,e_s
1773821695.933971,1107,1365,e_s
1773821695.946632,822,1298,e_s
1773821695.9569669,1246,1275,e_s
1773821695.969248,1377,1352,e_s
1773821695.980953,1144,1362,e_s
1773821695.994602,961,1263,e_s
1773821696.0066812,1879,1364,e_s
1773821696.016482,1060,1357,e_s
1773821696.0284631,896,1266,e_s
1773821696.03894,1285,1280,e_s
1773821696.051223,1246,1363,e_s
1773821696.062825,955,1294,e_s
1773821696.075256,1085,1250,e_s
1773821696.0873642,1419,1362,e_s
1773821696.098363,909,1339,e_s
1773821696.1089852,1030,1269,e_s
1773821696.120938,1453,1332,e_s
1773821696.135872,666,1331,e_s
1773821696.143838,869,1264,e_s
1773821696.156091,1509,1309,e_s
1773821696.1677701,1170,1375,e_s
1773821696.1788201,633,1253,e_s
1773821696.1907709,1321,1285,e_s
1773821696.201953,1423,1363,e_s
1773821696.216319,932,1339,e_s
1773821696.228568,806,1224,e_s
1773821696.236804,1491,1351,e_s
1773821696.249248,1052,1364,e_s
1773821696.259847,769,1249,e_s
1773821696.271322,1542,1331,e_s
1773821696.283328,740,1331,e_s
1773821696.29704,585,1235,e_s
1773821696.3049731,1391,1304,e_s
1773821696.3171499,894,1347,e_s
1773821696.329071,868,1274,e_s
1773821696.3390331,1229,1288,e_s
1773821696.3509681,1170,1361,e_s
1773821696.362939,1034,1323,e_s
1773821696.37762,1039,1275,e_s
1773821696.390038,1553,1337,e_s
1773821696.399559,933,1362,e_s
1773821696.409873,895,1266,e_s
1773821696.420943,1530,1331,e_s
1773821696.432843,609,1328,e_s
1773821696.443808,628,1232,e_s
1773821696.455022,1539,1313,e_s
1773821696.466832,855,1343,e_s
1773821696.4792929,780,1267,e_s
1773821696.491283,1423,1299,e_s
1773821696.501203,1124,1384,e_s
1773821696.513298,998,1307,e_s
1773821696.523969,1282,1281,e_s
1773821696.5359428,1609,1381,e_s
1773821696.547945,1199,1387,e_s
1773821696.560149,922,1256,e_s
1773821696.571807,1549,1316,e_s
1773821696.582809,821,1343,e_s
1773821696.594316,828,1239,e_s
1773821696.6050072,1632,1309,e_s
1773821696.6171288,1032,1361,e_s
1773821696.629371,548,1262,e_s
1773821696.645429,1262,1281,e_s
1773821696.6523578,1057,1338,e_s
1773821696.664356,622,1305,e_s
1773821696.674981,705,1206,e_s
1773821696.6886861,1216,1339,e_s
1773821696.697803,915,1330,e_s
1773821696.710975,774,1227,e_s
1773821696.719947,1198,1316,e_s
1773821696.732238,857,1337,e_s
1773821696.743799,894,1238,e_s
1773821696.753993,1542,1322,e_s
1773821696.765961,1002,1370,e_s
1773821696.777998,778,1261,e_s
1773821696.790299,1617,1322,e_s
1773821696.801325,1155,1369,e_s
1773821696.813747,845,1292,e_s
1773821696.8258219,987,1256,e_s
1773821696.834988,1299,1385,e_s
1773821696.8468878,823,1307,e_s
1773821696.857949,813,1225,e_s
1773821696.869719,1310,1357,e_s
1773821696.881166,871,1347,e_s
1773821696.8920379,814,1226,e_s
1773821696.902849,1542,1362,e_s
1773821696.916922,1063,1366,e_s
1773821696.928671,807,1261,e_s
1773821696.937859,1456,1318,e_s
1773821696.950256,724,1339,e_s
1773821696.960851,591,1237,e_s
1773821696.971879,1412,1301,e_s
1773821696.984365,911,1369,e_s
1773821696.995011,875,1262,e_s
1773821697.0058181,1302,1300,e_s
1773821697.019875,1290,1386,e_s
1773821697.0315468,947,1305,e_s
1773821697.0415602,1194,1280,e_s
1773821697.053151,1233,1342,e_s
1773821697.0652092,806,1319,e_s
1773821697.076319,879,1241,e_s
1773821697.087193,1321,1340,e_s
1773821697.1022148,1081,1345,e_s
1773821697.1139789,829,1243,e_s
1773821697.122884,1802,1348,e_s
1773821697.134882,949,1364,e_s
1773821697.1452081,856,1263,e_s
1773821697.156001,1590,1307,e_s
1773821697.168203,1150,1372,e_s
1773821697.179898,1149,1327,e_s
1773821697.191818,497,1195,e_s
1773821697.2052832,1498,1383,e_s
1773821697.216907,1288,1346,e_s
1773821697.2278259,963,1238,e_s
1773821697.23799,1418,1327,e_s
1773821697.2498329,1170,1366,e_s
1773821697.262044,741,1241,e_s
1773821697.272817,1156,1289,e_s
1773821697.288377,1210,1378,e_s
1773821697.29683,939,1288,e_s
1773821697.309394,1558,1307,e_s
1773821697.3223522,1263,1365,e_s
1773821697.331868,1335,1378,e_s
1773821697.34415,810,1236,e_s
1773821697.355211,1708,1358,e_s
1773821697.368129,779,1332,e_s
1773821697.3781419,674,1230,e_s
1773821697.388938,1603,1341,e_s
1773821697.40084,1125,1371,e_s
1773821697.413471,1087,1277,e_s
1773821697.4251,1017,1268,e_s
1773821697.437046,1579,1372,e_s
1773821697.449559,1113,1362,e_s
1773821697.460802,1123,1269,e_s
1773821697.475956,1507,1323,e_s
1773821697.488008,1481,1415,e_s
1773821697.496827,1151,1334,e_s
1773821697.50894,781,1234,e_s
1773821697.520319,1516,1364,e_s
1773821697.5322208,1091,1364,e_s
1773821697.543831,995,1264,e_s
1773821697.555254,1656,1350,e_s
1773821697.5668302,858,1344,e_s
1773821697.579338,1120,1299,e_s
1773821697.591616,1394,1308,e_s
1773821697.602004,1154,1365,e_s
1773821697.613856,931,1292,e_s
1773821697.624913,1380,1298,e_s
1773821697.63732,1797,1398,e_s
1773821697.64884,1242,1372,e_s
1773821697.6625972,968,1272,e_s
1773821697.674619,1819,1334,e_s
1773821697.684844,815,1339,e_s
1773821697.6953611,630,1235,e_s
1773821697.706054,1812,1346,e_s
1773821697.7181592,1152,1368,e_s
1773821697.7298439,1041,1306,e_s
1773821697.742688,1179,1280,e_s
1773821697.754101,1664,1373,e_s
1773821697.767429,1162,1355,e_s
1773821697.779628,945,1257,e_s
1773821697.789642,2149,1541,e_s
1773821697.8009331,979,1413,e_s
1773821697.811914,675,1250,e_s
1773821697.8228512,1634,1323,e_s
1773821697.8351371,1108,1372,e_s
1773821697.847417,923,1292,e_s
1773821697.8578198,1468,1297,e_s
1773821697.872888,1927,1425,e_s
1773821697.88461,1273,1377,e_s
1773821697.893824,1173,1273,e_s
1773821697.906888,1431,1326,e_s
1773821697.9178398,1202,1374,e_s
1773821697.9300401,1137,1290,e_s
1773821697.941922,1694,1321,e_s
1773821697.956127,1930,1412,e_s
1773821697.967881,1576,1420,e_s
1773821697.978428,1282,1278,e_s
1773821697.990047,1471,1314,e_s
1773821698.0018308,1053,1367,e_s
1773821698.014406,1097,1289,e_s
1773821698.02586,1070,1259,e_s
1773821698.038891,1886,1408,e_s
1773821698.0511181,1184,1377,e_s
1773821698.061716,788,1229,e_s
1773821698.0735,1819,1356,e_s
1773821698.0848262,1104,1365,e_s
1773821698.097978,1283,1294,e_s
1773821698.109199,1223,1281,e_s
1773821698.122137,1585,1377,e_s
1773821698.134049,1243,1354,e_s
1773821698.14482,1327,1285,e_s
1773821698.157567,1643,1330,e_s
1773821698.169214,1663,1424,e_s
1773821698.1850638,1421,1326,e_s
1773821698.192872,918,1262,e_s
1773821698.205415,1579,1373,e_s
1773821698.217132,1185,1341,e_s
1773821698.227832,1163,1281,e_s
1773821698.239855,1584,1342,e_s
1773821698.251703,823,1333,e_s
1773821698.264283,1394,1301,e_s
1773821698.274815,1759,1329,e_s
1773821698.2883189,1773,1409,e_s
1773821698.299575,1557,1366,e_s
1773821698.310824,1185,1278,e_s
1773821698.323463,1670,1336,e_s
1773821698.3347998,1286,1388,e_s
1773821698.35042,1132,1299,e_s
1773821698.358836,1563,1293,e_s
1773821698.370976,1481,1377,e_s
1773821698.384442,1463,1374,e_s
1773821698.39483,1156,1271,e_s
1773821698.406837,1543,1323,e_s
1773821698.4189749,1432,1399,e_s
1773821698.433286,896,1293,e_s
1773821698.441796,847,1230,e_s
1773821698.453948,1568,1394,e_s
1773821698.465987,645,1303,e_s
1773821698.476197,1122,1255,e_s
1773821698.48804,1821,1397,e_s
1773821698.4998121,1194,1387,e_s
1773821698.5124521,1484,1294,e_s
1773821698.5238311,1957,1349,e_s
1773821698.536871,1565,1413,e_s
1773821698.549408,1174,1324,e_s
1773821698.559944,1152,1268,e_s
1773821698.572511,1485,1360,e_s
1773821698.583881,1032,1366,e_s
1773821698.59583,1178,1277,e_s
1773821698.607924,1574,1311,e_s
1773821698.6202161,1005,1356,e_s
1773821698.632108,707,1292,e_s
1773821698.6428301,1234,1267,e_s
1773821698.654936,1858,1399,e_s
1773821698.666704,996,1371,e_s
1773821698.6794481,1071,1268,e_s
1773821698.689829,1583,1328,e_s
1773821698.703615,1335,1411,e_s
1773821698.715759,1364,1302,e_s
1773821698.726005,1321,1298,e_s
1773821698.739022,1232,1351,e_s
1773821698.749828,1032,1362,e_s
1773821698.762892,726,1243,e_s
1773821698.772904,1764,1356,e_s
1773821698.786853,862,1335,e_s
1773821698.798653,741,1240,e_s
1773821698.807877,1749,1322,e_s
1773821698.819764,1236,1387,e_s
1773821698.8310468,1115,1317,e_s
1773821698.84303,1044,1265,e_s
1773821698.85471,1647,1384,e_s
1773821698.8692338,1702,1396,e_s
1773821698.880755,1251,1273,e_s
1773821698.8910851,1771,1332,e_s
1773821698.902907,1250,1385,e_s
1773821698.9147031,1113,1333,e_s
1773821698.927566,858,1242,e_s
1773821698.937706,1458,1373,e_s
1773821698.9517682,1066,1337,e_s
1773821698.963486,959,1248,e_s
1773821698.972748,1492,1351,e_s
1773821698.986099,794,1343,e_s
1773821698.9958558,1150,1269,e_s
1773821699.008128,1268,1285,e_s
1773821699.019711,1366,1377,e_s
1773821699.034367,1259,1321,e_s
1773821699.046004,1099,1278,e_s
1773821699.056084,1838,1386,e_s
1773821699.068171,1163,1367,e_s
1773821699.079712,1248,1274,e_s
1773821699.092169,1152,1266,e_s
1773821699.103699,1265,1365,e_s
1773821699.1157708,1057,1322,e_s
1773821699.128188,548,1215,e_s
1773821699.1386912,1286,1349,e_s
1773821699.15152,1006,1352,e_s
1773821699.162805,629,1235,e_s
1773821699.1744199,1566,1324,e_s
1773821699.185718,1205,1368,e_s
1773821699.199842,1072,1291,e_s
1773821699.2112992,1243,1285,e_s
1773821699.2219741,1417,1357,e_s
1773821699.233918,1201,1361,e_s
1773821699.245696,776,1243,e_s
1773821699.256991,1135,1301,e_s
1773821699.268815,836,1338,e_s
1773821699.28185,1008,1269,e_s
1773821699.293778,1455,1309,e_s
1773821699.303885,992,1343,e_s
1773821699.314951,1026,1310,e_s
1773821699.3267012,885,1240,e_s
1773821699.338961,1070,1339,e_s
1773821699.349712,851,1314,e_s
1773821699.361417,888,1238,e_s
1773821699.371705,1400,1355,e_s
1773821699.385196,1130,1341,e_s
1773821699.3972201,937,1269,e_s
1773821699.40725,1597,1308,e_s
1773821699.419342,959,1338,e_s
1773821699.429661,559,1242,e_s
1773821699.4410088,1450,1302,e_s
1773821699.4526641,1027,1358,e_s
1773821699.4674602,1257,1345,e_s
1773821699.479606,697,1224,e_s
1773821699.488069,1293,1364,e_s
1773821699.4998138,1391,1391,e_s
1773821699.5116858,919,1237,e_s
1773821699.5233011,1087,1291,e_s
1773821699.534674,796,1349,e_s
1773821699.5459998,796,1236,e_s
1773821699.556701,1199,1291,e_s
1773821699.569846,682,1335,e_s
1773821699.581861,792,1244,e_s
1773821699.590959,1170,1281,e_s
1773821699.602711,970,1359,e_s
1773821699.613701,1000,1261,e_s
1773821699.6263418,1228,1299,e_s
1773821699.637687,1544,1399,e_s
1773821699.652468,1456,1407,e_s
1773821699.664489,951,1240,e_s
1773821699.673151,1658,1361,e_s
1773821699.685471,541,1346,e_s
1773821699.69621,800,1235,e_s
1773821699.706964,1640,1337,e_s
1773821699.718744,1069,1355,e_s
1773821699.731219,1063,1274,e_s
1773821699.742701,1177,1280,e_s
1773821699.755736,1249,1354,e_s
1773821699.766787,1038,1343,e_s
1773821699.7797241,1169,1287,e_s
1773821699.79188,1979,1347,e_s
1773821699.802921,1081,1360,e_s
1773821699.814922,1060,1303,e_s
1773821699.826716,1103,1275,e_s
1773821699.8413901,1571,1356,e_s
1773821699.853333,1035,1366,e_s
1773821699.8635578,1087,1271,e_s
1773821699.875795,1871,1335,e_s
1773821699.886695,1361,1384,e_s
1773821699.8987992,959,1301,e_s
1773821699.9096699,1237,1276,e_s
1773821699.924004,1778,1402,e_s
1773821699.935883,1164,1359,e_s
1773821699.945965,1362,1305,e_s
1773821699.958008,1751,1320,e_s
1773821699.970142,981,1358,e_s
1773821699.98207,1427,1333,e_s
1773821699.993099,1679,1332,e_s
1773821700.005994,1515,1383,e_s
1773821700.018133,1104,1365,e_s
1773821700.029226,1597,1315,e_s
1773821700.04124,1635,1338,e_s
1773821700.052671,1209,1389,e_s
1773821700.06739,1584,1314,e_s
1773821700.079395,1415,1319,e_s
1773821700.089445,1287,1359,e_s
1773821700.100745,1032,1361,e_s
1773821700.113045,984,1276,e_s
1773821700.123768,2169,1558,e_s
1773821700.135778,1175,1424,e_s
1773821700.149836,1538,1325,e_s
1773821700.162039,1347,1290,e_s
1773821700.1722162,1744,1392,e_s
1773821700.1841679,1808,1400,e_s
1773821700.195682,1038,1298,e_s
1773821700.208611,1693,1340,e_s
1773821700.219674,1330,1387,e_s
1773821700.232928,1525,1321,e_s
1773821700.2444959,961,1244,e_s
1773821700.255235,1986,1419,e_s
1773821700.266858,1868,1389,e_s
1773821700.279077,904,1259,e_s
1773821700.290851,2067,1541,e_s
1773821700.301698,1555,1437,e_s
1773821700.3148632,599,1294,e_s
1773821700.32646,1347,1297,e_s
1773821700.33677,1403,1393,e_s
1773821700.349644,964,1317,e_s
1773821700.359701,1911,1316,e_s
1773821700.3721678,1839,1389,e_s
1773821700.383679,1932,1401,e_s
1773821700.39699,852,1248,e_s
1773821700.408931,2448,1599,e_s
1773821700.419061,1782,1466,e_s
1773821700.4309728,785,1281,e_s
1773821700.441935,1626,1316,e_s
1773821700.455331,1531,1396,e_s
1773821700.4656918,1072,1348,e_s
1773821700.478938,1464,1295,e_s
1773821700.491225,2104,1563,e_s
1773821700.50176,1229,1434,e_s
1773821700.514209,878,1266,e_s
1773821700.524724,2197,1559,e_s
1773821700.537218,1835,1466,e_s
1773821700.548706,1024,1332,e_s
1773821700.5608,1137,1271,e_s
1773821700.572774,1761,1391,e_s
1773821700.585072,919,1367,e_s
1773821700.59648,1609,1282,e_s
1773821700.6076858,1959,1342,e_s
1773821700.622045,1102,1365,e_s
1773821700.6339579,1102,1299,e_s
1773821700.644331,1419,1298,e_s
1773821700.655936,1888,1408,e_s
1773821700.667714,1120,1390,e_s
1773821700.6837099,1683,1295,e_s
1773821700.6916962,1729,1314,e_s
1773821700.703967,1462,1386,e_s
1773821700.716108,1737,1337,e_s
1773821700.727701,1132,1289,e_s
1773821700.739695,2078,1598,e_s
1773821700.751692,1180,1442,e_s
1773821700.765959,1166,1288,e_s
1773821700.777646,1515,1315,e_s
1773821700.788255,1627,1402,e_s
1773821700.800297,1581,1351,e_s
1773821700.811671,1097,1275,e_s
1773821700.824469,1796,1375,e_s
1773821700.8357172,912,1367,e_s
1773821700.848634,864,1271,e_s
1773821700.8602188,2027,1365,e_s
1773821700.870581,1091,1380,e_s
1773821700.882519,1301,1286,e_s
1773821700.893703,1332,1294,e_s
1773821700.9066508,1929,1394,e_s
1773821700.917983,2369,1628,e_s
1773821700.9314508,1224,1370,e_s
1773821700.943147,1529,1361,e_s
1773821700.953673,1238,1385,e_s
1773821700.967199,1817,1347,e_s
1773821700.9781241,1268,1277,e_s
1773821700.9902148,2213,1589,e_s
1773821701.001693,937,1389,e_s
1773821701.0141819,1163,1299,e_s
1773821701.0257869,1927,1373,e_s
1773821701.037322,1227,1378,e_s
1773821701.04894,1423,1324,e_s
1773821701.06066,1758,1325,e_s
1773821701.075697,2201,1612,e_s
1773821701.0881019,1940,1459,e_s
1773821701.097526,1291,1301,e_s
1773821701.108808,1748,1336,e_s
1773821701.120704,1575,1408,e_s
1773821701.1327481,1052,1297,e_s
1773821701.144842,1394,1296,e_s
1773821701.157853,1873,1390,e_s
1773821701.1695008,1638,1387,e_s
1773821701.180772,967,1264,e_s
1773821701.1927528,2146,1546,e_s
1773821701.204148,1427,1457,e_s
1773821701.219177,1295,1362,e_s
1773821701.230756,1083,1268,e_s
1773821701.2399108,1930,1397,e_s
1773821701.2520692,1527,1404,e_s
1773821701.263652,1443,1287,e_s
1773821701.275779,2190,1552,e_s
1773821701.287681,1578,1461,e_s
1773821701.3019059,1264,1353,e_s
1773821701.314244,1010,1245,e_s
1773821701.324278,2285,1594,e_s
1773821701.336299,1682,1486,e_s
1773821701.347695,1128,1289,e_s
1773821701.363633,2018,1349,e_s
1773821701.371657,1727,1415,e_s
1773821701.3837981,1336,1360,e_s
1773821701.395754,1002,1268,e_s
1773821701.40766,2100,1567,e_s
1773821701.419871,1291,1436,e_s
1773821701.4316611,1318,1315,e_s
1773821701.445496,1587,1304,e_s
1773821701.456961,1576,1389,e_s
1773821701.467701,1365,1368,e_s
1773821701.480948,1334,1289,e_s
1773821701.491861,2379,1599,e_s
1773821701.5041752,1719,1483,e_s
1773821701.5157492,1369,1321,e_s
1773821701.5283682,1427,1307,e_s
1773821701.5399911,1907,1408,e_s
1773821701.551689,1298,1385,e_s
1773821701.563679,1292,1313,e_s
1773821701.575778,2244,1552,e_s
1773821701.589351,1871,1472,e_s
1773821701.600925,1358,1356,e_s
1773821701.6116621,957,1249,e_s
1773821701.623251,1917,1414,e_s
1773821701.6354141,699,1305,e_s
1773821701.646806,1064,1252,e_s
1773821701.658366,2231,1581,e_s
1773821701.669913,1071,1461,e_s
1773821701.6817799,1654,1322,e_s
1773821701.694491,1990,1341,e_s
1773821701.705843,1781,1421,e_s
1773821701.719879,1590,1391,e_s
1773821701.73255,1412,1286,e_s
1773821701.741964,1954,1371,e_s
1773821701.754007,1428,1413,e_s
1773821701.765791,1599,1313,e_s
1773821701.778731,1675,1320,e_s
1773821701.789814,1345,1376,e_s
1773821701.8049831,1769,1417,e_s
1773821701.817466,1238,1288,e_s
1773821701.826048,1717,1346,e_s
1773821701.837882,1590,1408,e_s
1773821701.849806,1637,1325,e_s
1773821701.861973,1551,1285,e_s
1773821701.874131,1559,1385,e_s
1773821701.88863,1409,1366,e_s
1773821701.9005802,1572,1308,e_s
1773821701.910798,1812,1347,e_s
1773821701.921929,2093,1614,e_s
1773821701.933779,1446,1380,e_s
1773821701.945995,1325,1310,e_s
1773821701.95805,1966,1401,e_s
1773821701.972037,1236,1395,e_s
1773821701.9841962,1623,1358,e_s
1773821701.994447,2056,1520,e_s
1773821702.0064142,2359,1695,e_s
1773821702.017865,1280,1415,e_s
1773821702.029824,1320,1324,e_s
1773821702.041805,1783,1354,e_s
1773821702.055125,1060,1362,e_s
1773821702.0670662,1343,1323,e_s
1773821702.07779,1790,1320,e_s
1773821702.089806,1873,1405,e_s
1773821702.1021702,1379,1395,e_s
1773821702.1142972,1025,1264,e_s
1773821702.125806,1882,1337,e_s
1773821702.138356,1635,1410,e_s
1773821702.150545,1050,1301,e_s
1773821702.1620631,1549,1328,e_s
1773821702.1741838,1600,1372,e_s
1773821702.185784,1432,1403,e_s
1773821702.200685,1206,1298,e_s
1773821702.212655,1869,1329,e_s
1773821702.2217972,2097,1639,e_s
1773821702.233842,2463,1645,e_s
1773821702.245791,1241,1364,e_s
1773821702.257833,1647,1399,e_s
1773821702.269987,1269,1380,e_s
1773821702.284827,867,1278,e_s
1773821702.292812,1796,1346,e_s
1773821702.305581,1505,1381,e_s
1773821702.317483,1338,1312,e_s
1773821702.329011,1240,1272,e_s
1773821702.341192,2222,1604,e_s
1773821702.352776,2204,1665,e_s
1773821702.367629,1148,1336,e_s
1773821702.379222,1820,1371,e_s
1773821702.389518,1653,1404,e_s
1773821702.401759,1307,1336,e_s
1773821702.412896,1346,1282,e_s
1773821702.426201,2585,1651,e_s
1773821702.43681,1223,1434,e_s
1773821702.450481,1779,1384,e_s
1773821702.462668,1519,1321,e_s
1773821702.472894,1569,1390,e_s
1773821702.48512,1319,1339,e_s
1773821702.496823,1313,1271,e_s
1773821702.512817,2498,1627,e_s
1773821702.520778,1078,1428,e_s
1773821702.5331929,1231,1332,e_s
1773821702.545828,1266,1296,e_s
1773821702.5568252,2146,1618,e_s
1773821702.569442,1649,1447,e_s
1773821702.5808089,1514,1307,e_s
1773821702.5959969,2555,1606,e_s
1773821702.607959,1695,1490,e_s
1773821702.6173718,1399,1365,e_s
1773821702.629379,1194,1292,e_s
1773821702.640804,2196,1597,e_s
1773821702.6535559,1740,1490,e_s
1773821702.6648068,1180,1290,e_s
1773821702.679872,2105,1533,e_s
1773821702.6917288,1697,1460,e_s
1773821702.701262,1832,1392,e_s
1773821702.7137291,903,1260,e_s
1773821702.723912,2515,1641,e_s
1773821702.7357938,1831,1456,e_s
1773821702.7478259,1144,1300,e_s
1773821702.760202,1787,1339,e_s
1773821702.771795,1531,1409,e_s
1773821702.7845929,1224,1357,e_s
1773821702.7969222,1991,1319,e_s
1773821702.808119,2581,1668,e_s
1773821702.819901,1955,1485,e_s
1773821702.8318179,1161,1306,e_s
1773821702.844809,2120,1535,e_s
1773821702.855795,1623,1463,e_s
1773821702.8694668,1424,1416,e_s
1773821702.881283,2107,1509,e_s
1773821702.891787,2593,1690,e_s
1773821702.904742,1975,1523,e_s
1773821702.9161742,1015,1295,e_s
1773821702.932241,1739,1334,e_s
1773821702.940044,1769,1426,e_s
1773821702.953195,661,1318,e_s
1773821702.965162,873,1240,e_s
1773821702.974215,1899,1410,e_s
1773821702.985905,1367,1422,e_s
1773821702.997833,1964,1312,e_s
1773821703.0101178,2269,1541,e_s
1773821703.021794,1605,1465,e_s
1773821703.0375192,1587,1353,e_s
1773821703.045943,1485,1296,e_s
1773821703.058214,2141,1610,e_s
1773821703.0704808,1903,1468,e_s
1773821703.08179,1797,1327,e_s
1773821703.0942569,1623,1320,e_s
1773821703.1061592,1373,1403,e_s
1773821703.1206772,1344,1326,e_s
1773821703.132612,1541,1293,e_s
1773821703.1428459,2574,1668,e_s
1773821703.153863,1827,1480,e_s
1773821703.165802,892,1267,e_s
1773821703.1773,1989,1373,e_s
1773821703.188766,1903,1414,e_s
1773821703.204156,780,1264,e_s
1773821703.211912,1627,1306,e_s
1773821703.2244852,1815,1412,e_s
1773821703.236929,1891,1383,e_s
1773821703.248277,1904,1323,e_s
1773821703.2605708,2357,1594,e_s
1773821703.271765,1849,1490,e_s
1773821703.2873259,1736,1347,e_s
1773821703.2958772,1182,1312,e_s
1773821703.308274,1783,1411,e_s
1773821703.320399,1470,1367,e_s
1773821703.332007,1383,1328,e_s
1773821703.344192,1848,1357,e_s
1773821703.355766,1360,1385,e_s
1773821703.370955,1352,1312,e_s
1773821703.382417,1015,1256,e_s
1773821703.392787,2154,1581,e_s
1773821703.4048698,1643,1443,e_s
1773821703.415798,1237,1332,e_s
1773821703.428241,1903,1351,e_s
1773821703.439798,1683,1391,e_s
1773821703.453755,1264,1358,e_s
1773821703.465337,1280,1304,e_s
1773821703.475816,2463,1605,e_s
1773821703.48779,1073,1427,e_s
1773821703.4997709,1675,1371,e_s
1773821703.515969,1663,1327,e_s
1773821703.523815,1839,1402,e_s
1773821703.537014,1402,1386,e_s
1773821703.548924,1191,1285,e_s
1773821703.559819,2295,1574,e_s
1773821703.572702,1469,1464,e_s
1773821703.5838048,1393,1331,e_s
1773821703.599339,1504,1294,e_s
1773821703.610931,2273,1631,e_s
1773821703.619914,1818,1474,e_s
1773821703.63241,1228,1322,e_s
1773821703.643935,2308,1584,e_s
1773821703.656342,1846,1507,e_s
1773821703.6679292,1714,1366,e_s
1773821703.682994,1231,1280,e_s
1773821703.694726,2474,1620,e_s
1773821703.703939,2271,1689,e_s
1773821703.716107,949,1376,e_s
1773821703.7269278,1702,1370,e_s
1773821703.7398038,1303,1381,e_s
1773821703.750924,1191,1319,e_s
1773821703.7634518,1531,1301,e_s
1773821703.775069,2580,1675,e_s
1773821703.788108,1927,1459,e_s
1773821703.799712,1216,1303,e_s
1773821703.8111339,1623,1353,e_s
1773821703.82413,1500,1414,e_s
1773821703.8349261,1325,1332,e_s
1773821703.847543,1505,1284,e_s
1773821703.859189,2583,1665,e_s
1773821703.8724182,1872,1473,e_s
1773821703.884284,1127,1296,e_s
1773821703.894921,1846,1351,e_s
1773821703.90785,1678,1424,e_s
1773821703.9188979,1775,1371,e_s
1773821703.931394,1316,1285,e_s
1773821703.943019,2412,1618,e_s
1773821703.955965,1550,1447,e_s
1773821703.967824,1227,1330,e_s
1773821703.9791229,1502,1306,e_s
1773821703.991698,1871,1437,e_s
1773821704.0030248,1807,1416,e_s
1773821704.018764,1349,1275,e_s
1773821704.0269399,1896,1351,e_s
1773821704.039479,960,1356,e_s
1773821704.051562,1189,1273,e_s
1773821704.062054,2283,1557,e_s
1773821704.073936,2095,1687,e_s
1773821704.0859258,1312,1427,e_s
1773821704.098583,1240,1290,e_s
1773821704.109968,2156,1598,e_s
1773821704.12321,1189,1442,e_s
1773821704.1350741,1597,1318,e_s
1773821704.1459808,2098,1554,e_s
1773821704.157931,2027,1489,e_s
1773821704.169931,1877,1440,e_s
1773821704.182566,1109,1271,e_s
1773821704.1942132,2199,1560,e_s
1773821704.2074392,1407,1447,e_s
1773821704.220923,1296,1336,e_s
1773821704.230041,1765,1328,e_s
1773821704.243221,2201,1608,e_s
1773821704.253907,1863,1471,e_s
1773821704.267031,1257,1307,e_s
1773821704.277935,2190,1544,e_s
1773821704.2917,2173,1692,e_s
1773821704.303364,1401,1458,e_s
1773821704.3138921,984,1272,e_s
1773821704.326051,2034,1405,e_s
1773821704.33693,1515,1426,e_s
1773821704.3505359,2186,1526,e_s
1773821704.3610392,2518,1640,e_s
1773821704.375456,1638,1493,e_s
1773821704.387496,1374,1361,e_s
1773821704.39789,1185,1282,e_s
1773821704.40995,2000,1419,e_s
1773821704.421077,1080,1390,e_s
1773821704.433336,1791,1302,e_s
1773821704.444923,2022,1346,e_s
1773821704.4588668,1121,1376,e_s
1773821704.470525,1585,1332,e_s
1773821704.4814389,1192,1272,e_s
1773821704.493286,2477,1641,e_s
1773821704.5049322,1734,1471,e_s
1773821704.517184,1261,1305,e_s
1773821704.5289211,1695,1317,e_s
1773821704.542851,1799,1431,e_s
1773821704.554731,1244,1326,e_s
1773821704.565365,1656,1329,e_s
1773821704.5776799,2651,1651,e_s
1773821704.589139,1867,1481,e_s
1773821704.6012092,1450,1338,e_s
1773821704.6129239,1851,1330,e_s
1773821704.626883,1781,1407,e_s
1773821704.6387358,1307,1400,e_s
1773821704.6493802,2050,1505,e_s
1773821704.661207,2682,1671,e_s
1773821704.6729379,1454,1479,e_s
1773821704.68617,1210,1340,e_s
1773821704.696922,1624,1336,e_s
1773821704.71112,1973,1423,e_s
1773821704.722861,1296,1377,e_s
1773821704.7339761,1121,1254,e_s
1773821704.7458408,2306,1557,e_s
1773821704.757044,1413,1461,e_s
1773821704.7692218,1668,1379,e_s
1773821704.781347,1509,1299,e_s
1773821704.796098,2390,1657,e_s
1773821704.808299,2101,1736,e_s
1773821704.817447,1273,1334,e_s
1773821704.829292,1705,1350,e_s
1773821704.841331,1613,1421,e_s
1773821704.853646,1074,1318,e_s
1773821704.865014,1353,1294,e_s
1773821704.880809,2564,1653,e_s
1773821704.889046,1499,1478,e_s
1773821704.902121,1186,1312,e_s
1773821704.913693,1580,1301,e_s
1773821704.9250119,1925,1427,e_s
1773821704.9379342,1229,1362,e_s
1773821704.949027,1608,1303,e_s
1773821704.964972,2637,1625,e_s
1773821704.9730508,1973,1495,e_s
1773821704.987496,1321,1354,e_s
1773821705.000045,1373,1285,e_s
1773821705.010081,2035,1423,e_s
1773821705.022228,1489,1440,e_s
1773821705.033561,1937,1314,e_s
1773821705.045543,2388,1588,e_s
1773821705.0570319,1877,1492,e_s
1773821705.0705569,1629,1368,e_s
1773821705.081096,946,1252,e_s
1773821705.095973,2287,1641,e_s
1773821705.1040268,2137,1655,e_s
1773821705.117739,1466,1348,e_s
1773821705.129407,1766,1362,e_s
1773821705.140787,1661,1419,e_s
1773821705.152041,1313,1310,e_s
1773821705.16401,1961,1345,e_s
1773821705.176507,2506,1674,e_s
1773821705.188011,1606,1487,e_s
1773821705.200611,1320,1312,e_s
1773821705.21248,1808,1335,e_s
1773821705.225954,1795,1422,e_s
1773821705.238636,1428,1343,e_s
1773821705.249386,1599,1310,e_s
1773821705.261405,2677,1673,e_s
1773821705.27204,2033,1505,e_s
1773821705.283987,982,1276,e_s
1773821705.29535,2380,1584,e_s
1773821705.307177,1869,1488,e_s
1773821705.31917,1095,1351,e_s
1773821705.332462,1536,1297,e_s
1773821705.3443189,2252,1605,e_s
1773821705.3554099,1297,1454,e_s
1773821705.367583,1953,1329,e_s
1773821705.3792598,2326,1579,e_s
1773821705.39118,1934,1500,e_s
1773821705.403051,1426,1386,e_s
1773821705.418787,1534,1298,e_s
1773821705.4270458,2486,1645,e_s
1773821705.4405499,1664,1465,e_s
1773821705.453127,1739,1325,e_s
1773821705.463132,2478,1586,e_s
1773821705.4757051,2068,1684,e_s
1773821705.487167,1435,1443,e_s
1773821705.500289,1553,1309,e_s
1773821705.51114,2235,1603,e_s
1773821705.524107,1365,1435,e_s
1773821705.535048,1422,1326,e_s
1773821705.547103,1856,1344,e_s
1773821705.559291,1972,1436,e_s
1773821705.574611,1449,1385,e_s
1773821705.58345,1285,1272,e_s
1773821705.596355,2259,1591,e_s
1773821705.608534,2022,1508,e_s
1773821705.619627,1441,1319,e_s
1773821705.6321568,1586,1323,e_s
1773821705.643042,2180,1623,e_s
1773821705.6552188,1384,1450,e_s
1773821705.667039,1607,1345,e_s
1773821705.682139,2261,1573,e_s
1773821705.693792,2049,1674,e_s
1773821705.703396,1408,1412,e_s
1773821705.715491,1358,1298,e_s
1773821705.727485,2249,1598,e_s
1773821705.740014,1090,1455,e_s
1773821705.751175,1261,1298,e_s
1773821705.763285,2127,1557,e_s
1773821705.775177,2174,1689,e_s
1773821705.789858,896,1377,e_s
1773821705.798152,1247,1287,e_s
1773821705.811332,2137,1616,e_s
1773821705.8235142,1527,1451,e_s
1773821705.834451,1561,1316,e_s
1773821705.846723,1944,1345,e_s
1773821705.858486,1603,1424,e_s
1773821705.870202,1663,1349,e_s
1773821705.882431,1568,1298,e_s
1773821705.896873,2803,1699,e_s
1773821705.908291,1647,1503,e_s
1773821705.918161,1350,1306,e_s
1773821705.9304478,1909,1330,e_s
1773821705.942168,1575,1411,e_s
1773821705.954675,1258,1327,e_s
1773821705.966167,1314,1300,e_s
1773821705.981736,2693,1657,e_s
1773821705.9901829,1241,1434,e_s
1773821706.002889,1186,1314,e_s
1773821706.01437,1743,1328,e_s
1773821706.026168,2063,1595,e_s
1773821706.038767,1435,1420,e_s
1773821706.050381,1693,1341,e_s
1773821706.066386,2799,1647,e_s
1773821706.074177,1568,1468,e_s
1773821706.0871968,1291,1349,e_s
1773821706.09896,1596,1324,e_s
1773821706.110167,2164,1602,e_s
1773821706.12335,1563,1449,e_s
1773821706.1341782,1389,1307,e_s
1773821706.1471832,2125,1545,e_s
1773821706.15815,1672,1463,e_s
1773821706.172118,1296,1362,e_s
1773821706.183658,1028,1275,e_s
1773821706.194714,2107,1599,e_s
1773821706.206615,1198,1450,e_s
1773821706.21837,1418,1302,e_s
1773821706.23179,2057,1504,e_s
1773821706.2424672,1370,1470,e_s
1773821706.256789,1421,1359,e_s
1773821706.269012,1186,1288,e_s
1773821706.278373,2459,1624,e_s
1773821706.2904189,1685,1457,e_s
1773821706.302159,1845,1342,e_s
1773821706.314803,1748,1335,e_s
1773821706.326379,2023,1441,e_s
1773821706.342135,1455,1362,e_s
1773821706.3501608,1776,1352,e_s
1773821706.363175,2887,1673,e_s
1773821706.374488,1834,1510,e_s
1773821706.3861609,1446,1349,e_s
1773821706.3988638,1372,1301,e_s
1773821706.410465,2074,1595,e_s
1773821706.426347,1394,1441,e_s
1773821706.4341419,769,1252,e_s
1773821706.447829,2420,1577,e_s
1773821706.459584,1007,1427,e_s
1773821706.4692328,1552,1335,e_s
1773821706.481248,1946,1354,e_s
1773821706.4932601,2483,1665,e_s
1773821706.505306,1613,1464,e_s
1773821706.5172522,1779,1319,e_s
1773821706.532629,1980,1358,e_s
1773821706.541885,1578,1410,e_s
1773821706.553623,1585,1327,e_s
1773821706.565718,1779,1323,e_s
1773821706.577384,2543,1667,e_s
1773821706.590288,2111,1726,e_s
1773821706.601581,1477,1354,e_s
1773821706.617577,1895,1358,e_s
1773821706.6252532,1675,1424,e_s
1773821706.640834,1319,1333,e_s
1773821706.64927,1589,1313,e_s
1773821706.662679,2571,1634,e_s
1773821706.673296,1571,1456,e_s
1773821706.686836,1136,1296,e_s
1773821706.6990862,1991,1348,e_s
1773821706.709298,1852,1435,e_s
1773821706.721663,1024,1333,e_s
1773821706.733244,2045,1315,e_s
1773821706.7455108,2184,1573,e_s
1773821706.7573981,1438,1452,e_s
1773821706.7695968,1437,1313,e_s
1773821706.7812748,1718,1315,e_s
1773821706.795702,2387,1683,e_s
1773821706.807056,1549,1453,e_s
1773821706.8182862,1488,1309,e_s
1773821706.830435,1967,1356,e_s
1773821706.841295,1439,1409,e_s
1773821706.853429,1058,1302,e_s
1773821706.86537,1618,1302,e_s
1773821706.881017,2814,1707,e_s
1773821706.8892748,1970,1471,e_s
1773821706.902408,1307,1320,e_s
1773821706.91474,1492,1343,e_s
1773821706.925437,1581,1414,e_s
1773821706.937813,1545,1354,e_s
1773821706.9493089,1639,1292,e_s
1773821706.962472,2947,1689,e_s
1773821706.9734101,1751,1463,e_s
1773821706.98828,1004,1281,e_s
1773821706.9999511,1557,1327,e_s
1773821707.00946,1941,1429,e_s
1773821707.02141,1322,1355,e_s
1773821707.03342,1546,1318,e_s
1773821707.045656,2392,1613,e_s
1773821707.057399,1382,1475,e_s
1773821707.0733418,1789,1339,e_s
1773821707.0814788,1670,1320,e_s
1773821707.094471,2214,1605,e_s
1773821707.106336,1889,1435,e_s
1773821707.1175401,1523,1333,e_s
1773821707.129477,1843,1386,e_s
1773821707.141412,1085,1378,e_s
1773821707.1535602,1443,1309,e_s
1773821707.165411,1557,1309,e_s
1773821707.1797209,2378,1648,e_s
1773821707.1917481,1763,1441,e_s
1773821707.201456,1511,1353,e_s
1773821707.2134159,2007,1365,e_s
1773821707.225464,1773,1428,e_s
1773821707.237499,1384,1354,e_s
1773821707.249387,1458,1310,e_s
1773821707.264993,2578,1664,e_s
1773821707.2734091,1468,1509,e_s
1773821707.286114,1762,1331,e_s
1773821707.29843,1746,1320,e_s
1773821707.309558,1779,1424,e_s
1773821707.321714,1739,1358,e_s
1773821707.3335512,1420,1294,e_s
1773821707.345672,2510,1641,e_s
1773821707.35776,1607,1457,e_s
1773821707.372643,1216,1290,e_s
1773821707.384685,1799,1322,e_s
1773821707.394232,1993,1422,e_s
1773821707.406493,1519,1358,e_s
1773821707.4174562,925,1271,e_s
1773821707.429259,2225,1590,e_s
1773821707.440865,1449,1456,e_s
1773821707.453003,1180,1320,e_s
1773821707.464538,2286,1566,e_s
1773821707.479328,2336,1715,e_s
1773821707.491201,992,1407,e_s
1773821707.500758,1243,1291,e_s
1773821707.513382,1998,1423,e_s
1773821707.524004,1071,1399,e_s
1773821707.5361311,1354,1278,e_s
1773821707.5477812,1971,1347,e_s
1773821707.559673,1572,1413,e_s
1773821707.5715442,1530,1345,e_s
1773821707.586635,1214,1277,e_s
1773821707.598419,2239,1607,e_s
1773821707.608025,1978,1480,e_s
1773821707.620029,1643,1325,e_s
1773821707.631511,1767,1329,e_s
1773821707.644586,1861,1429,e_s
1773821707.655522,1499,1358,e_s
1773821707.668412,1490,1307,e_s
1773821707.679528,2754,1667,e_s
1773821707.6937568,1621,1498,e_s
1773821707.705329,1523,1330,e_s
1773821707.7161689,1661,1310,e_s
1773821707.7286458,2068,1587,e_s
1773821707.739527,1187,1428,e_s
1773821707.751605,1568,1310,e_s
1773821707.7635388,2723,1631,e_s
1773821707.778666,1826,1489,e_s
1773821707.790261,1062,1342,e_s
1773821707.8011022,1434,1297,e_s
1773821707.812961,2214,1627,e_s
1773821707.8239932,1411,1466,e_s
1773821707.836107,1535,1303,e_s
1773821707.847861,2600,1614,e_s
1773821707.859829,1621,1476,e_s
1773821707.8718982,1561,1374,e_s
1773821707.8868601,1303,1280,e_s
1773821707.8986151,2394,1650,e_s
1773821707.9083142,1981,1509,e_s
1773821707.920018,1235,1300,e_s
1773821707.931502,2011,1360,e_s
1773821707.9444091,1816,1419,e_s
1773821707.9555671,1375,1368,e_s
1773821707.968677,1308,1293,e_s
1773821707.979541,2522,1607,e_s
1773821707.9939468,1411,1444,e_s
1773821708.005772,1247,1357,e_s
1773821708.016665,1399,1310,e_s
1773821708.028523,2096,1605,e_s
1773821708.0396469,1420,1445,e_s
1773821708.052125,1862,1330,e_s
1773821708.0636249,2622,1631,e_s
1773821708.079113,1561,1475,e_s
1773821708.09058,1706,1368,e_s
1773821708.100845,1543,1305,e_s
1773821708.1122591,2347,1646,e_s
1773821708.123664,1804,1454,e_s
1773821708.135723,1546,1307,e_s
1773821708.147679,2610,1635,e_s
1773821708.161071,2031,1505,e_s
1773821708.171865,1896,1413,e_s
1773821708.186854,1094,1261,e_s
1773821708.198658,2294,1607,e_s
1773821708.208436,1506,1460,e_s
1773821708.2202141,984,1296,e_s
1773821708.2314932,2099,1548,e_s
1773821708.243637,1291,1424,e_s
1773821708.2546828,1149,1356,e_s
1773821708.266858,1870,1320,e_s
1773821708.278631,2910,1717,e_s
1773821708.29458,2332,1693,e_s
1773821708.302633,1309,1391,e_s
1773821708.316023,1663,1351,e_s
1773821708.328054,1942,1445,e_s
1773821708.3390698,1722,1387,e_s
1773821708.3511128,1978,1327,e_s
1773821708.3629491,3013,1704,e_s
1773821708.374836,2050,1663,e_s
1773821708.386635,1167,1371,e_s
1773821708.402615,1712,1351,e_s
1773821708.410657,1737,1433,e_s
1773821708.42402,1460,1364,e_s
1773821708.436592,1505,1292,e_s
1773821708.4475589,2483,1594,e_s
1773821708.4598541,1003,1416,e_s
1773821708.470614,1339,1329,e_s
1773821708.482826,1771,1317,e_s
1773821708.4946969,2343,1639,e_s
1773821708.51038,1949,1461,e_s
1773821708.518655,1369,1321,e_s
1773821708.532002,1911,1384,e_s
1773821708.544105,1682,1416,e_s
1773821708.5550232,1459,1342,e_s
1773821708.566988,1682,1316,e_s
1773821708.578876,2489,1647,e_s
1773821708.5920231,1772,1444,e_s
1773821708.6029382,1769,1344,e_s
1773821708.617811,1702,1354,e_s
1773821708.629181,1435,1414,e_s
1773821708.639138,1445,1323,e_s
1773821708.6510231,1127,1267,e_s
1773821708.662775,2647,1668,e_s
1773821708.675214,1551,1454,e_s
1773821708.687086,1018,1299,e_s
1773821708.699221,1844,1335,e_s
1773821708.710772,2308,1637,e_s
1773821708.7248378,1411,1401,e_s
1773821708.737159,1358,1329,e_s
1773821708.7471418,2977,1689,e_s
1773821708.758893,1560,1494,e_s
1773821708.770775,1577,1329,e_s
1773821708.783052,1931,1325,e_s
1773821708.794786,2076,1586,e_s
1773821708.810955,2450,1674,e_s
1773821708.818785,1028,1343,e_s
1773821708.8323011,2666,1675,e_s
1773821708.845939,1437,1475,e_s
1773821708.855669,1753,1354,e_s
1773821708.867053,1264,1302,e_s
1773821708.878767,2109,1599,e_s
1773821708.890802,1786,1438,e_s
1773821708.902773,1524,1353,e_s
1773821708.9189372,1948,1378,e_s
1773821708.9267368,1499,1409,e_s
1773821708.940861,1493,1337,e_s
1773821708.952655,1244,1277,e_s
1773821708.9635148,2708,1655,e_s
1773821708.975581,833,1405,e_s
1773821708.9857779,1519,1335,e_s
1773821708.9983392,2337,1584,e_s
1773821709.009776,1422,1467,e_s
1773821709.0226471,1683,1378,e_s
1773821709.03377,1779,1304,e_s
1773821709.048417,2177,1586,e_s
1773821709.061355,1553,1451,e_s
1773821709.0702112,1862,1351,e_s
1773821709.082762,1800,1341,e_s
1773821709.093774,1922,1433,e_s
1773821709.106418,947,1295,e_s
1773821709.117059,1527,1303,e_s
1773821709.1288261,2251,1623,e_s
1773821709.140762,1951,1473,e_s
1773821709.1566138,1251,1344,e_s
1773821709.164771,2407,1604,e_s
1773821709.178359,1958,1495,e_s
1773821709.190946,2030,1376,e_s
1773821709.201689,1411,1293,e_s
1773821709.213654,2323,1618,e_s
1773821709.2247438,1918,1461,e_s
1773821709.2379699,1388,1320,e_s
1773821709.248775,2413,1587,e_s
1773821709.261179,1925,1482,e_s
1773821709.273333,2020,1392,e_s
1773821709.289601,1036,1264,e_s
1773821709.2968068,2089,1564,e_s
1773821709.3109078,1487,1441,e_s
1773821709.323197,1109,1291,e_s
1773821709.3327832,1873,1354,e_s
1773821709.345381,1569,1392,e_s
1773821709.357353,1175,1331,e_s
1773821709.369188,1344,1287,e_s
1773821709.3811479,2408,1595,e_s
1773821709.3971689,1602,1464,e_s
1773821709.404913,1754,1400,e_s
1773821709.4187589,1682,1324,e_s
1773821709.430311,1986,1406,e_s
1773821709.441887,1570,1411,e_s
1773821709.454104,1277,1296,e_s
1773821709.464929,2703,1637,e_s
1773821709.477283,1730,1481,e_s
1773821709.48895,1974,1393,e_s
1773821709.501324,1298,1287,e_s
1773821709.512893,2284,1619,e_s
1773821709.5272598,1338,1449,e_s
1773821709.5386481,1121,1322,e_s
1773821709.548987,2046,1369,e_s
1773821709.562656,1967,1427,e_s
1773821709.573267,1733,1346,e_s
1773821709.585393,1129,1269,e_s
1773821709.5969,2477,1622,e_s
1773821709.613512,1775,1475,e_s
1773821709.621286,1219,1317,e_s
1773821709.635317,2199,1561,e_s
